tract_code,population,total_units,"1-unit, detached","1-unit, attached",total_units_age,Built 2010-2019,Built 2020 or later,Built 1939 or earlier,single_family_units,pct_single_family,pct_built_2010_plus,pct_built_pre1970,median_income
000101,4494,2475,1424,175,2475,295,70,70,1599,64.60606060606061,14.747474747474747,2.8282828282828283,131713
000102,2155,1122,899,70,1122,34,39,9,969,86.36363636363636,6.506238859180035,0.8021390374331552,224688
000203,3020,1112,19,0,1112,414,5,11,19,1.70863309352518,37.67985611510791,0.9892086330935251,88968
000204,2593,1560,792,106,1560,60,8,435,898,57.56410256410256,4.358974358974359,27.884615384615387,115375
000205,4549,2693,1008,154,2693,479,0,54,1162,43.148904567396954,17.78685480876346,2.005198663200891,69314
000206,3906,1952,844,108,1952,132,0,139,952,48.77049180327869,6.762295081967213,7.120901639344263,97123
000302,5474,3523,1280,220,3523,94,0,746,1500,42.57734885041158,2.6681805279591257,21.17513482827136,58235
000304,3054,1676,852,121,1676,127,0,202,973,58.05489260143199,7.577565632458234,12.052505966587113,97500
000305,3529,1989,893,171,1989,189,0,287,1064,53.494218200100555,9.502262443438914,14.429361488185016,72101
000307,1875,881,578,67,881,56,0,7,645,73.2122587968218,6.3564131668558455,0.7945516458569807,119896
000308,2258,1090,253,300,1090,873,48,0,553,50.73394495412844,84.4954128440367,0.0,67650
000309,5267,2913,832,408,2913,1622,0,0,1240,42.56779951939581,55.681428081016136,0.0,126118
000401,4516,2321,850,29,2321,721,0,149,879,37.87160706591986,31.064196467040066,6.419646704006894,82500
000402,3207,1803,758,51,1803,495,0,90,809,44.86966167498613,27.454242928452576,4.9916805324459235,71489
000500,3931,2386,770,25,2386,11,0,741,795,33.31936295054484,0.4610226320201173,31.056160938809725,57447
000601,10105,458,87,9,458,62,0,64,96,20.96069868995633,13.537117903930133,13.973799126637553,15545
000605,2779,1549,129,0,1549,270,16,99,129,8.327953518398967,18.463524854744996,6.391220142027114,9060
000606,4553,2027,20,92,2027,541,0,29,112,5.5254070054267395,26.68968919585594,1.4306857424765662,10212
000607,3038,1582,88,0,1582,27,0,112,88,5.562579013906448,1.7067003792667508,7.079646017699115,14231
000608,3627,1030,71,0,1030,567,0,0,71,6.893203883495145,55.04854368932038,0.0,3794
000700,1321,894,41,15,894,75,0,87,56,6.263982102908278,8.389261744966444,9.731543624161073,72321
000801,2000,971,700,53,971,304,52,159,753,77.54891864057673,36.66323377960865,16.374871266735326,97596
000802,3912,1586,666,91,1586,263,26,27,757,47.730138713745276,18.221941992433795,1.7023959646910467,69904
000803,3300,1915,1113,154,1915,734,30,458,1267,66.16187989556136,39.89556135770235,23.91644908616188,82961
000804,2607,1181,701,76,1181,198,5,449,777,65.79170194750212,17.18882303132938,38.01862828111769,64554
000901,3171,1434,600,42,1434,593,24,159,642,44.76987447698745,43.02649930264993,11.08786610878661,108377
000902,6016,4074,1178,63,4074,1887,67,339,1241,30.461462935689738,47.96269023073147,8.321060382916052,87125
001000,3291,1682,1298,66,1682,228,12,521,1364,81.09393579072533,14.26872770511296,30.975029726516052,89036
001101,1755,877,6,0,877,202,0,193,6,0.6841505131128849,23.033067274800455,22.006841505131128,101936
001102,3571,2695,66,0,2695,777,10,0,66,2.4489795918367347,29.20222634508349,0.0,167866
001103,3522,2581,24,0,2581,791,0,0,24,0.9298721425803952,30.64703603254553,0.0,161576
001200,6842,4560,598,130,4560,1864,13,551,728,15.964912280701753,41.16228070175438,12.083333333333334,146000
001304,3966,2145,935,607,2145,547,0,41,1542,71.88811188811188,25.501165501165502,1.9114219114219115,118961
001307,5081,2370,898,265,2370,362,58,115,1163,49.07172995780591,17.72151898734177,4.852320675105485,73047
001308,3191,1796,548,221,1796,464,0,30,769,42.8173719376392,25.83518930957684,1.670378619153675,99609
001309,2897,1671,526,74,1671,671,16,133,600,35.90664272890485,41.11310592459605,7.959305804907241,144464
001310,3908,2658,389,99,2658,1461,0,5,488,18.35966892400301,54.966139954853276,0.18811136192626035,95781
001311,1379,1159,111,15,1159,377,21,57,126,10.87144089732528,34.33994823123383,4.918032786885246,106458
001312,4732,2580,1366,156,2580,602,9,520,1522,58.992248062015506,23.682170542635657,20.155038759689923,102600
001401,2597,1846,514,53,1846,303,0,395,567,30.715059588299027,16.413867822318526,21.397616468039004,101012
001402,2200,1495,848,81,1495,170,0,314,929,62.14046822742475,11.37123745819398,21.003344481605353,82212
001403,1477,848,255,68,848,7,9,4,323,38.089622641509436,1.8867924528301887,0.4716981132075472,78036
001501,5799,2546,2087,22,2546,129,0,23,2109,82.83582089552239,5.066771406127259,0.9033778476040848,136650
001503,5214,2930,1320,69,2930,1057,152,35,1389,47.4061433447099,41.262798634812285,1.1945392491467577,91813
001504,6729,3253,1447,285,3253,1238,82,0,1732,53.243160159852444,40.57792806640025,0.0,102857
001505,4702,2541,1268,167,2541,588,23,92,1435,56.473829201101935,24.045651318378592,3.620621802439984,93565
001602,2892,1754,430,185,1754,81,0,61,615,35.06271379703535,4.618015963511972,3.477765108323831,78583
001603,4390,1946,1638,141,1946,158,40,376,1779,91.41829393627955,10.174717368961973,19.321685508735868,194500
001604,4111,1867,1463,289,1867,222,60,244,1752,93.84038564542047,15.104445634708089,13.069094804499196,233875
001605,4712,2469,1305,25,2469,157,0,676,1330,53.86796273795059,6.358849736735521,27.379505872823007,110394
001606,86,5,0,0,5,5,0,0,0,0.0,100.0,0.0,-666666666
001910,4753,2038,1081,167,2038,222,0,0,1248,61.236506378802744,10.893032384690873,0.0,150363
001911,3018,2061,69,46,2061,31,0,0,115,5.5798156234837455,1.5041242115477924,0.0,87925
001912,4324,1738,1241,66,1738,186,36,0,1307,75.20138089758342,12.773302646720369,0.0,192569
001913,4937,1834,1604,127,1834,95,0,9,1731,94.38386041439476,5.179934569247546,0.49073064340239914,250001
001914,5926,3076,1607,97,3076,334,0,24,1704,55.39661898569571,10.858257477243173,0.7802340702210664,127750
001915,3154,1836,317,85,1836,950,14,0,402,21.895424836601308,52.505446623093675,0.0,89279
001916,3135,993,993,0,993,49,0,13,993,100.0,4.934541792547835,1.3091641490433032,250001
001917,4440,1559,1426,63,1559,32,7,0,1489,95.50994227068634,2.5016035920461834,0.0,211042
001918,2650,1060,910,32,1060,216,0,0,942,88.86792452830188,20.37735849056604,0.0,200536
001919,3799,1306,1184,76,1306,172,11,0,1260,96.47779479326188,14.012251148545177,0.0,240368
001920,6857,2875,777,105,2875,693,0,15,882,30.678260869565214,24.104347826086954,0.5217391304347827,87973
001921,3693,1812,1180,116,1812,547,0,0,1296,71.52317880794702,30.187637969094922,0.0,231500
001922,2123,1426,462,0,1426,117,13,23,462,32.398316970546986,9.1164095371669,1.6129032258064515,78767
001923,3422,2051,663,120,2051,28,0,12,783,38.17649926864944,1.3651877133105803,0.5850804485616773,116667
002002,2793,1375,1184,48,1375,208,23,0,1232,89.60000000000001,16.8,0.0,102500
002003,3576,1639,826,88,1639,195,0,58,914,55.76571079926784,11.897498474679683,3.5387431360585726,70147
002004,3011,2160,202,170,2160,824,0,0,372,17.22222222222222,38.148148148148145,0.0,60732
002006,2363,1501,145,277,1501,54,0,42,422,28.11459027315123,3.597601598934044,2.798134576948701,66946
002007,2504,1440,313,340,1440,446,0,36,653,45.34722222222222,30.97222222222222,2.5,84773
002104,2589,1198,881,16,1198,25,0,19,897,74.87479131886478,2.0868113522537564,1.5859766277128546,112083
002105,4818,2347,484,119,2347,78,0,69,603,25.692373242437156,3.3233915636983387,2.93992330634853,50078
002106,3012,1342,1070,77,1342,55,0,0,1147,85.46944858420268,4.098360655737705,0.0,117125
002107,4884,1800,1218,225,1800,214,0,0,1443,80.16666666666666,11.88888888888889,0.0,94812
002108,4251,2124,1048,0,2124,374,39,0,1048,49.34086629001883,19.444444444444446,0.0,46850
002109,4121,1799,1265,100,1799,397,26,53,1365,75.87548638132296,23.513062812673706,2.9460811561978875,105819
002110,4037,1576,1122,60,1576,382,0,129,1182,75.0,24.238578680203045,8.185279187817258,86944
002111,4835,2214,1337,58,2214,841,65,128,1395,63.00813008130082,40.921409214092144,5.781391147244806,84201
002112,6244,2332,964,118,2332,432,9,15,1082,46.39794168096055,18.910806174957116,0.6432246998284734,56029
002113,3564,1365,1130,65,1365,30,0,0,1195,87.54578754578755,2.197802197802198,0.0,117014
002201,2720,834,506,122,834,66,31,0,628,75.29976019184652,11.630695443645084,0.0,66136
002211,4700,1545,1144,0,1545,649,44,27,1144,74.04530744336569,44.85436893203884,1.7475728155339807,93472
002213,4776,1577,763,0,1577,411,78,1,763,48.38300570703868,31.008243500317057,0.06341154090044387,82227
002214,3986,875,496,0,875,25,0,24,496,56.68571428571428,2.857142857142857,2.742857142857143,74388
002215,3646,1179,1000,0,1179,327,55,0,1000,84.81764206955047,32.40033927056828,0.0,68379
002216,9411,3580,3425,0,3580,1604,99,4,3425,95.6703910614525,47.56983240223464,0.11173184357541899,93667
002217,6160,2100,2006,0,2100,643,316,18,2006,95.52380952380952,45.666666666666664,0.8571428571428572,98576
002218,5019,1745,1595,30,1745,290,33,0,1625,93.12320916905445,18.51002865329513,0.0,100868
002219,6591,2083,1211,36,2083,471,109,56,1247,59.86557849255881,27.84445511281805,2.688430148823812,83553
002220,3342,947,194,0,947,93,0,0,194,20.4857444561774,9.820485744456176,0.0,47027
002221,2167,821,184,0,821,92,0,0,184,22.41169305724726,11.20584652862363,0.0,88500
002222,3138,1127,773,0,1127,175,0,0,773,68.58917480035493,15.527950310559005,0.0,58405
002304,3850,2959,40,34,2959,1623,65,0,74,2.5008448800270364,57.046299425481585,0.0,101058
002307,4844,2881,425,387,2881,285,3,0,812,28.184658104824713,9.996528982992018,0.0,54338
002310,2858,1022,341,48,1022,45,0,4,389,38.06262230919765,4.403131115459883,0.3913894324853229,56214
002313,3730,2013,219,47,2013,86,0,22,266,13.214108296075509,4.272230501738698,1.092896174863388,51175
002314,5527,3071,168,42,3071,717,16,40,210,6.838163464669488,23.868446760013025,1.3025073266037122,61875
002315,2622,1654,88,73,1654,78,0,0,161,9.73397823458283,4.71584038694075,0.0,47314
002316,4563,2445,29,0,2445,28,0,17,29,1.1860940695296525,1.1451942740286298,0.6952965235173825,44300
002319,2340,0,0,0,0,0,0,0,0,,,,-666666666
002320,3987,1616,792,4,1616,804,34,0,796,49.257425742574256,51.85643564356436,0.0,78093
002321,3837,1650,865,180,1650,526,19,0,1045,63.33333333333333,33.03030303030303,0.0,61184
002322,2254,1509,126,39,1509,172,40,46,165,10.934393638170974,14.049039098740886,3.0483764082173623,65977
002323,4569,1691,454,143,1691,246,30,44,597,35.304553518628026,16.321703134240096,2.6020106445890008,51091
002324,1247,619,0,0,619,59,0,0,0,0.0,9.531502423263328,0.0,-666666666
002325,4085,1571,502,285,1571,90,0,23,787,50.09548058561426,5.728835136855507,1.464035646085296,65179
002326,903,406,45,0,406,57,0,0,45,11.083743842364532,14.039408866995073,0.0,39444
002327,4874,2317,263,0,2317,325,49,0,263,11.350884764782046,16.14156236512732,0.0,25900
002403,2353,1204,634,194,1204,124,19,87,828,68.77076411960132,11.877076411960132,7.225913621262459,80539
002407,8665,4312,1857,4,4312,2414,8,0,1861,43.15862708719852,56.16883116883117,0.0,76875
002409,3360,1551,1319,48,1551,252,0,0,1367,88.13668600902643,16.247582205029012,0.0,107589
002410,3816,1829,605,315,1829,78,0,0,920,50.30071077091307,4.264625478403499,0.0,61049
002411,5796,1695,781,127,1695,58,0,0,908,53.56932153392331,3.421828908554572,0.0,50347
002412,5173,1484,1373,0,1484,76,56,24,1373,92.52021563342318,8.89487870619946,1.6172506738544474,78924
002413,3366,1157,254,301,1157,62,65,0,555,47.96888504753674,10.97666378565255,0.0,45733
002419,3927,1926,108,0,1926,243,0,58,108,5.607476635514018,12.616822429906541,3.011422637590862,47378
002422,8141,3614,1944,197,3614,629,84,0,2141,59.24183729939125,19.728832318760375,0.0,82326
002423,6261,3014,2626,162,3014,522,0,0,2788,92.5016589250166,17.319177173191772,0.0,110368
002424,3548,1742,898,131,1742,115,18,42,1029,59.07003444316877,7.634902411021814,2.4110218140068884,64136
002430,1962,767,426,0,767,124,0,0,426,55.54106910039114,16.166883963494133,0.0,97012
002432,5153,1766,1334,16,1766,1083,162,18,1350,76.44394110985277,70.49830124575311,1.0192525481313703,127989
002434,1997,604,396,0,604,55,0,8,396,65.56291390728477,9.105960264900661,1.3245033112582782,71116
002436,2727,965,479,0,965,117,6,22,479,49.637305699481864,12.746113989637307,2.2797927461139897,56125
002437,4899,2918,716,0,2918,838,0,0,716,24.53735435229609,28.718300205620288,0.0,94615
002438,7026,3307,1735,0,3307,1068,0,0,1735,52.464469307529484,32.295131539159364,0.0,71356
002439,2876,1181,1100,9,1181,0,0,0,1109,93.9034716342083,0.0,0.0,93322
002440,6544,2340,1826,64,2340,923,27,0,1890,80.76923076923077,40.598290598290596,0.0,86413
002441,5581,2133,940,0,2133,483,0,0,940,44.06938584153774,22.644163150492265,0.0,68115
002442,2935,1217,1034,86,1217,311,0,0,1120,92.02958093672966,25.554642563681185,0.0,95013
002443,4050,2626,550,93,2626,750,15,0,643,24.485910129474487,29.131759329779133,0.0,68483
002444,4230,1956,1259,195,1956,265,0,62,1454,74.33537832310839,13.548057259713703,3.1697341513292434,68516
002445,7136,3096,1517,131,3096,1372,67,0,1648,53.229974160206716,46.47932816537468,0.0,84511
002446,1623,720,508,146,720,0,0,10,654,90.83333333333333,0.0,1.3888888888888888,148611
002447,3288,879,749,0,879,159,0,0,749,85.21046643913537,18.088737201365188,0.0,109117
002448,7782,2841,2393,21,2841,1266,158,0,2414,84.97008095740937,50.12319605772615,0.0,105620
002449,7203,2322,1879,0,2322,760,60,0,1879,80.92161929371233,35.31438415159345,0.0,94327
002450,3877,1025,368,6,1025,213,118,0,374,36.48780487804878,32.29268292682927,0.0,76536
002451,7535,3725,1137,87,3725,1859,86,0,1224,32.85906040268456,52.214765100671144,0.0,78457
002452,3098,1056,451,0,1056,251,28,0,451,42.70833333333333,26.420454545454547,0.0,61042
002453,5475,1900,1306,72,1900,93,0,0,1378,72.52631578947368,4.894736842105263,0.0,85490
002500,6052,3021,1047,229,3021,144,0,0,1276,42.237669645812645,4.766633565044687,0.0,88571
030000,4279,2200,1248,114,2200,143,0,0,1362,61.909090909090914,6.5,0.0,155608
030100,3494,1932,688,187,1932,21,0,10,875,45.289855072463766,1.0869565217391304,0.5175983436853002,93782
030200,5039,2755,1006,514,2755,117,0,0,1520,55.172413793103445,4.246823956442832,0.0,72069
030300,4298,2131,1080,195,2131,30,0,0,1275,59.83106522759268,1.4077897700610043,0.0,80417
030400,4451,2292,1378,200,2292,541,0,22,1578,68.84816753926701,23.603839441535776,0.9598603839441536,99726
030500,6951,3479,1690,280,3479,579,0,14,1970,56.62546708824375,16.642713423397527,0.4024144869215292,129435
030600,5820,3399,981,430,3399,12,0,0,1411,41.512209473374526,0.353045013239188,0.0,87336
030700,4028,1849,1662,170,1849,12,0,18,1832,99.08058409951325,0.6489994591671173,0.9734991887506761,157500
030800,4429,2589,268,191,2589,120,18,19,459,17.72885283893395,5.330243337195829,0.7338740826573967,82419
030900,7581,3344,2723,212,3344,294,19,0,2935,87.76913875598086,9.360047846889952,0.0,103846
031000,4342,2415,1590,183,2415,89,0,16,1773,73.41614906832298,3.6853002070393375,0.6625258799171843,89205
031100,5101,1837,1740,0,1837,273,23,30,1740,94.71965160587915,16.113228089275992,1.633097441480675,142917
031200,6548,2940,2536,25,2940,10,0,0,2561,87.10884353741497,0.3401360544217687,0.0,146835
031300,3918,1936,1144,0,1936,373,0,13,1144,59.09090909090909,19.266528925619834,0.6714876033057852,122750
031400,4387,2253,1541,88,2253,439,15,8,1629,72.30359520639148,20.150909897913895,0.35508211273857077,77391
031500,7204,3252,2768,148,3252,690,0,14,2916,89.66789667896678,21.217712177121772,0.43050430504305043,123587
031600,2237,1023,663,52,1023,6,0,8,715,69.89247311827957,0.5865102639296188,0.7820136852394917,131389
031700,4729,2168,1134,256,2168,419,0,62,1390,64.11439114391145,19.326568265682656,2.859778597785978,88625
031800,4499,2021,1116,73,2021,55,0,0,1189,58.83226125680356,2.7214250371103414,0.0,69375
031900,5231,2425,1723,204,2425,216,0,0,1927,79.4639175257732,8.907216494845361,0.0,101555
032000,6303,3267,1140,260,3267,140,16,34,1400,42.8527701254974,4.775022956841139,1.0407101316192224,90444
032100,5181,3219,879,19,3219,226,97,13,898,27.896862379621002,10.034172103137621,0.40385212799005904,84194
032200,2047,934,679,149,934,23,0,0,828,88.6509635974304,2.462526766595289,0.0,187500
032300,4160,2929,79,58,2929,30,0,64,137,4.677364288152954,1.0242403550699897,2.185046090815978,46500
032400,1537,1173,11,21,1173,357,0,10,32,2.7280477408354646,30.434782608695656,0.8525149190110828,87663
032500,4638,2332,1320,0,2332,37,0,0,1320,56.60377358490566,1.5866209262435675,0.0,77481
032600,6080,2213,2188,0,2213,26,10,0,2188,98.87031179394488,1.6267510167193855,0.0,192986
032700,4430,1878,1546,112,1878,11,0,11,1658,88.28541001064963,0.5857294994675186,0.5857294994675186,132383
032800,2738,1196,622,139,1196,144,0,0,761,63.62876254180602,12.040133779264215,0.0,109184
032900,8143,3439,2005,21,3439,217,0,0,2026,58.912474556557136,6.309973829601629,0.0,147904
033000,7097,3183,1938,27,3183,1129,35,0,1965,61.73421300659755,36.56927426955702,0.0,96887
033100,4853,2391,2089,156,2391,85,0,19,2245,93.89376829778335,3.554997908824759,0.794646591384358,156953
033200,5256,1900,1501,168,1900,750,49,13,1669,87.8421052631579,42.05263157894737,0.6842105263157895,119950
033300,9180,3177,3112,0,3177,1542,0,25,3112,97.95404469625433,48.536355051935786,0.7869058860560277,193628
033400,3300,1361,1272,41,1361,0,0,0,1313,96.4731814842028,0.0,0.0,89986
033500,5532,2703,2097,0,2703,64,0,0,2097,77.58046614872363,2.3677395486496486,0.0,109583
033600,4217,1965,1428,254,1965,361,0,0,1682,85.59796437659033,18.37150127226463,0.0,147098
033700,2855,1077,827,28,1077,5,0,6,855,79.38718662952647,0.4642525533890436,0.5571030640668524,165000
033800,4479,1725,1370,74,1725,6,0,0,1444,83.71014492753623,0.34782608695652173,0.0,202778
033900,5626,2278,2093,77,2278,59,26,5,2170,95.25899912203687,3.731343283582089,0.21949078138718175,165434
034000,6908,2877,1699,38,2877,938,0,25,1737,60.37539103232534,32.60340632603406,0.8689607229753215,134128
034100,6570,3385,557,0,3385,1142,0,0,557,16.454948301329395,33.737075332348596,0.0,80645
034200,6097,3055,627,200,3055,311,29,0,827,27.070376432078557,11.129296235679215,0.0,91908
034300,4205,1490,1490,0,1490,17,0,0,1490,100.0,1.1409395973154361,0.0,206962
034400,2370,1426,328,46,1426,230,0,0,374,26.227208976157083,16.129032258064516,0.0,85055
034500,2430,777,777,0,777,0,0,0,777,100.0,0.0,0.0,161593
034600,3905,2291,540,0,2291,624,0,0,540,23.57049323439546,27.237014404190308,0.0,87533
034700,5191,2364,1733,103,2364,179,24,0,1836,77.66497461928934,8.587140439932318,0.0,114965
034800,5020,1942,1555,54,1942,22,0,0,1609,82.85272914521113,1.132852729145211,0.0,154889
034900,8788,2683,2454,0,2683,458,0,22,2454,91.46477823332091,17.07044353335818,0.8199776369735371,197431
035000,7225,3110,1693,25,3110,663,30,0,1718,55.241157556270096,22.282958199356916,0.0,136581
035100,3789,1618,1218,0,1618,693,0,0,1218,75.27812113720643,42.83065512978986,0.0,196199
035200,3768,1995,1851,4,1995,437,51,14,1855,92.98245614035088,24.461152882205514,0.7017543859649122,106136
035300,1603,989,868,48,989,113,5,0,916,92.61880687563195,11.93124368048534,0.0,131283
035400,5327,1881,1704,61,1881,880,212,81,1765,93.83306751727804,58.0542264752791,4.30622009569378,217206
035500,4023,1354,1326,15,1354,100,0,0,1341,99.03988183161005,7.385524372230429,0.0,175595
035600,2035,1040,875,0,1040,221,5,80,875,84.13461538461539,21.73076923076923,7.6923076923076925,118485
035700,4591,1557,1501,0,1557,279,0,34,1501,96.4033397559409,17.91907514450867,2.1836865767501603,210346
035800,3907,1928,941,95,1928,538,40,17,1036,53.7344398340249,29.979253112033195,0.8817427385892116,97442
035900,2456,1007,673,45,1007,112,0,36,718,71.30089374379345,11.122144985104269,3.574975173783516,101875
036000,2053,676,620,0,676,308,20,0,620,91.71597633136095,48.5207100591716,0.0,239956
036100,5375,1842,1788,0,1842,1641,65,0,1788,97.06840390879479,92.61672095548317,0.0,205559
036200,2026,834,815,0,834,719,74,0,815,97.72182254196643,95.08393285371703,0.0,177250
036300,1747,614,166,0,614,81,0,0,166,27.035830618892508,13.192182410423452,0.0,53667
036400,2741,1308,1197,0,1308,287,38,0,1197,91.5137614678899,24.84709480122324,0.0,127574
036500,6888,2626,2626,0,2626,1808,208,0,2626,100.0,76.77075399847678,0.0,205164
036600,9152,3361,2843,24,3361,1413,11,0,2867,85.30199345432908,42.368342755132396,0.0,157443
036700,7370,2489,2451,38,2489,294,0,0,2489,100.0,11.81197267979108,0.0,215069
036800,4119,1414,1414,0,1414,47,0,0,1414,100.0,3.3239038189533243,0.0,175577
036900,4204,1964,1759,78,1964,559,0,0,1837,93.5336048879837,28.462321792260692,0.0,139375
037000,5642,2872,1941,0,2872,1981,8,0,1941,67.58356545961003,69.25487465181058,0.0,111944
037100,2527,936,884,0,936,0,52,0,884,94.44444444444444,5.555555555555555,0.0,196406
037200,6481,2369,1909,424,2369,548,0,0,2333,98.48037146475306,23.13212325875897,0.0,127379
037300,3174,1208,820,88,1208,103,0,0,908,75.16556291390728,8.526490066225167,0.0,96786
037400,4134,2520,1788,249,2520,463,54,0,2037,80.83333333333333,20.515873015873016,0.0,92232
037500,1555,763,647,11,763,108,6,0,658,86.23853211009175,14.941022280471822,0.0,99844
037600,3863,2183,1655,218,2183,365,61,0,1873,85.7993586807146,19.514429683921207,0.0,121366
040000,5994,2953,718,293,2953,82,0,0,1011,34.23636979343041,2.77683711479851,0.0,55637
040100,4505,1954,580,60,1954,45,0,0,640,32.75332650972365,2.3029682702149437,0.0,43438
040200,3258,1558,344,246,1558,0,43,0,590,37.869062901155324,2.7599486521181,0.0,49946
040300,6670,2491,437,64,2491,293,0,49,501,20.11240465676435,11.762344439983941,1.9670814933761542,44853
040400,3716,2201,827,116,2201,78,0,0,943,42.84416174466152,3.543843707405725,0.0,68794
040500,6523,2560,1194,210,2560,48,0,0,1404,54.84375,1.875,0.0,54489
040600,3516,1417,347,157,1417,0,0,46,504,35.5681016231475,0.0,3.2462949894142556,48622
040700,7096,3374,430,122,3374,0,0,0,552,16.360403082394782,0.0,0.0,29253
040800,5406,2169,1271,111,2169,24,0,0,1382,63.715998155832175,1.1065006915629323,0.0,82153
040900,6507,2482,736,286,2482,128,0,0,1022,41.17647058823529,5.157131345688961,0.0,55603
041000,7138,2731,614,0,2731,270,0,0,614,22.482607103625046,9.886488465763458,0.0,54264
041100,1564,781,523,18,781,22,0,0,541,69.27016645326505,2.8169014084507045,0.0,82301
041200,3108,1544,300,149,1544,544,60,0,449,29.080310880829014,39.119170984455955,0.0,64836
041300,4393,1786,1595,71,1786,28,0,0,1666,93.28107502799551,1.5677491601343785,0.0,123528
041400,2838,1568,659,19,1568,19,39,0,678,43.23979591836735,3.6989795918367347,0.0,70800
041500,3107,1347,624,29,1347,33,0,0,653,48.478099480326655,2.4498886414253898,0.0,67172
041600,8459,3281,1797,396,3281,328,0,0,2193,66.83937823834198,9.996952148735142,0.0,65545
041700,2666,1104,831,111,1104,7,0,0,942,85.32608695652173,0.6340579710144928,0.0,105703
041800,3947,1820,655,64,1820,29,0,0,719,39.505494505494504,1.5934065934065933,0.0,68457
041900,3283,1814,831,227,1814,208,0,13,1058,58.32414553472988,11.466372657111357,0.7166482910694598,68494
042000,2681,1212,1101,99,1212,14,7,4,1200,99.00990099009901,1.7326732673267329,0.33003300330033003,128344
042100,4956,2228,1191,0,2228,223,0,0,1191,53.456014362657086,10.008976660682226,0.0,83900
042200,3941,2278,375,117,2278,186,0,0,492,21.59789288849868,8.165057067603161,0.0,60909
042300,3858,1623,1366,103,1623,135,26,0,1469,90.51139864448552,9.919901417128774,0.0,112917
042400,11382,4301,4097,20,4301,2264,111,0,4117,95.72192513368985,55.21971634503604,0.0,124857
042500,7105,2444,2311,39,2444,1833,54,0,2350,96.15384615384616,77.20949263502455,0.0,121433
042600,3742,1853,732,232,1853,40,0,0,964,52.02374527792768,2.1586616297895307,0.0,56387
042700,4984,1789,1785,0,1789,80,21,0,1785,99.77641140301844,5.645612073784237,0.0,99213
042800,8274,2705,1825,160,2705,555,0,45,1985,73.38262476894639,20.51756007393715,1.6635859519408502,117816
042900,3241,2024,113,0,2024,204,0,0,113,5.58300395256917,10.079051383399209,0.0,48263
043000,3481,2219,364,0,2219,413,0,54,364,16.40378548895899,18.61198738170347,2.4335286164939163,56743
043100,2307,1138,337,52,1138,80,3,0,389,34.18277680140597,7.293497363796134,0.0,47788
043200,3350,1399,313,45,1399,45,0,3,358,25.58970693352395,3.216583273766976,0.21443888491779842,36117
043300,4086,1426,299,223,1426,12,0,31,522,36.605890603085555,0.8415147265077139,2.1739130434782608,40260
043400,5355,2392,197,128,2392,98,0,0,325,13.586956521739129,4.096989966555184,0.0,62283
043500,7129,3038,1767,150,3038,874,275,0,1917,63.10072416063199,37.82093482554313,0.0,81647
043600,4599,1921,623,197,1921,61,0,122,820,42.686100989068194,3.1754294638209264,6.350858927641853,72917
043700,2537,1241,161,128,1241,265,0,0,289,23.28767123287671,21.35374697824335,0.0,99495
043800,3644,1665,1186,105,1665,201,45,0,1291,77.53753753753753,14.774774774774773,0.0,93006
043900,7551,3550,1452,0,3550,1919,111,19,1452,40.901408450704224,57.183098591549296,0.5352112676056338,83329
044000,5366,1462,380,120,1462,495,0,0,500,34.19972640218879,33.85772913816689,0.0,59389
044100,2852,1242,757,42,1242,294,108,0,799,64.3317230273752,32.367149758454104,0.0,80955
044200,5684,3003,624,0,3003,2337,144,0,624,20.77922077922078,82.61738261738262,0.0,71318
044300,6896,2293,1280,74,2293,600,39,0,1354,59.049280418665504,27.8674225904928,0.0,95423
044400,5946,2052,1629,85,2052,224,0,0,1714,83.52826510721248,10.916179337231968,0.0,112382
044500,5274,1671,1292,217,1671,127,0,0,1509,90.30520646319569,7.600239377618193,0.0,89350
044600,4334,1679,1487,152,1679,247,0,25,1639,97.6176295413937,14.711137581893984,1.4889815366289458,82361
044700,1969,598,362,0,598,0,0,0,362,60.535117056856194,0.0,0.0,76639
044800,4206,1668,423,0,1668,725,0,0,423,25.359712230215827,43.465227817745806,0.0,82978
044900,10977,3755,1641,0,3755,1721,122,0,1641,43.7017310252996,49.08122503328895,0.0,65290
045000,2437,1234,791,16,1234,211,0,0,807,65.39708265802268,17.098865478119933,0.0,86643
045100,3250,1515,557,152,1515,17,0,0,709,46.7986798679868,1.1221122112211221,0.0,103715
045200,3930,1815,1346,0,1815,234,0,0,1346,74.15977961432507,12.892561983471074,0.0,118620
045300,4108,2698,106,37,2698,347,46,53,143,5.3002223869532985,14.566345441067458,1.9644180874722017,73318
045400,6281,5100,0,57,5100,3862,0,57,57,1.1176470588235294,75.72549019607843,1.1176470588235294,108666
045500,4594,2146,523,29,2146,71,40,0,552,25.722273998136068,5.172413793103448,0.0,70181
045600,5088,2213,1530,0,2213,664,143,32,1530,69.13691821057388,36.46633529145956,1.446000903750565,128893
045700,3361,1586,679,0,1586,445,11,0,679,42.81210592686003,28.7515762925599,0.0,69466
045800,4391,1093,1037,0,1093,262,27,44,1037,94.87648673376029,26.44098810612992,4.025617566331198,75994
045900,13357,4020,3823,85,4020,2754,242,0,3908,97.2139303482587,74.5273631840796,0.0,98170
046000,4823,1609,1094,75,1609,234,15,0,1169,72.65382224984462,15.475450590428839,0.0,115950
046100,5573,2642,1641,30,2642,1897,152,0,1671,63.24753974261923,77.55488266464799,0.0,110517
046200,7100,2830,2010,61,2830,1284,0,14,2071,73.18021201413427,45.371024734982335,0.49469964664310956,125559
046300,1936,826,826,0,826,58,34,0,826,100.0,11.138014527845035,0.0,123061
046400,3248,1506,1248,0,1506,241,44,0,1248,82.86852589641434,18.92430278884462,0.0,109951
046500,3455,1550,480,0,1550,336,0,0,480,30.967741935483872,21.677419354838708,0.0,67964
046600,11233,2972,2963,0,2972,1070,31,0,2963,99.6971736204576,37.04576043068641,0.0,126995
046700,3572,1119,1119,0,1119,173,0,0,1119,100.0,15.460232350312781,0.0,160302
046800,11450,3575,3416,0,3575,2224,360,5,3416,95.55244755244755,72.27972027972028,0.13986013986013987,152356
046900,8199,2887,2461,92,2887,1877,69,0,2553,88.4308971250433,67.40561136127468,0.0,141797
047000,1455,479,472,0,479,0,0,7,472,98.53862212943632,0.0,1.4613778705636742,153358
980000,0,0,0,0,0,0,0,0,0,,,,-666666666
